{"KokshetauMount": [53.08011782238714, 70.18886394232051, "\u0413\u043e\u0440\u0430 \u041a\u043e\u043a\u0448\u0435\u0442\u0430\u0443", "\u0411\u0443\u0440\u0430\u0431\u0430\u0439\u0441\u043a\u0438\u0439 \u0440\u0430\u0439\u043e\u043d"], "ImanaevSpring": [53.07660540536487, 70.2163996255805, "\u0418\u043c\u0430\u043d\u0430\u0435\u0432\u0441\u043a\u0438\u0439 \u0440\u043e\u0434\u043d\u0438\u043a", "\u0411\u0443\u0440\u0430\u0431\u0430\u0439\u0441\u043a\u0438\u0439 \u0440\u0430\u0439\u043e\u043d"], "KenesaryCave": [53.05949142394258, 70.25021469999896, "\u041f\u0435\u0449\u0435\u0440\u0430 \u041a\u0435\u043d\u0435\u0441\u0430\u0440\u044b", "\u0411\u0443\u0440\u0430\u0431\u0430\u0439\u0441\u043a\u0438\u0439 \u0440\u0430\u0439\u043e\u043d"], "Aul-BulWaterfall": [52.55619806147388, 69.27874199999964, "\u0412\u043e\u0434\u043e\u043f\u0430\u0434 \u0410\u0443\u043b\u0438\u0435-\u0431\u0443\u043b\u0430\u043a", "\u0421\u0430\u043d\u0434\u044b\u043a\u0442\u0430\u0443\u0441\u043a\u0438\u0439 \u0440\u0430\u0439\u043e\u043d"], "YereyMount": [51.5000128577253, 72.9999999999992, "\u0413\u043e\u0440\u044b \u0415\u0440\u0435\u043c\u0435\u043d\u0442\u0430\u0443", "\u0415\u0440\u0435\u043c\u0435\u043d\u0442\u0430\u0443\u0441\u043a\u043e\u043c \u0440\u0430\u0439\u043e\u043d\u0435"], "Kon-AulCave": [50.80858651014847, 75.50985929999823, "\u041f\u0435\u0449\u0435\u0440\u0430 \u041a\u043e\u043d\u044b\u0440-\u0410\u0443\u043b\u0438\u0435", "\u0410\u0431\u0430\u0439\u0441\u043a\u0438\u0439 \u0440\u0430\u0439\u043e\u043d"], "TengLake": [50.400013127630125, 68.95000009997932, "\u041e\u0437\u0435\u0440\u043e \u0422\u0435\u043d\u0433\u0438\u0437", "\u041c\u0435\u043d\u0434\u044b\u043a\u0430\u0440\u0438\u043d\u0441\u043a\u043e\u043c \u0440\u0430\u0439\u043e\u043d\u0435"], "AltAlps": [49.94327045675463, 83.00824427116243, "\u0410\u043b\u0442\u0430\u0439\u0441\u043a\u0438\u0435 \u0410\u043b\u044c\u043f\u044b", "\u0413\u043b\u0443\u0431\u043e\u043a\u043e\u0432\u0441\u043a\u043e\u0433\u043e \u0440\u0430\u0439\u043e\u043d\u0430"], "BelMountain": [49.807541043578006, 86.58995698462012, "\u0413\u043e\u0440\u0430 \u0411\u0435\u043b\u0443\u0445\u0430", "\u0423\u0441\u0442\u044c-\u041a\u043e\u043a\u0441\u0438\u043d\u0441\u043a\u0438\u0439 \u0440\u0430\u0439\u043e\u043d"], "DombMausol": [48.19337412807214, 67.84486230000458, "\u041c\u0430\u0432\u0437\u043e\u043b\u0435\u0439 \u0414\u043e\u043c\u0431\u0430\u0443\u044b\u043b", "\u0423\u043b\u044b\u0442\u0430\u0443\u0441\u043a\u0438\u0439 \u0440\u0430\u0439\u043e\u043d"], "JuchiMausol": [48.155291436039185, 67.817381800001, "\u041c\u0430\u0432\u0437\u043e\u043b\u0435\u0439 \u0414\u0436\u0443\u0447\u0438-\u0445\u0430\u043d\u0430", "\u0423\u043b\u044b\u0442\u0430\u0443\u0441\u043a\u0438\u0439 \u0440\u0430\u0439\u043e\u043d"], "KarkarMount": [48.42244879007708, 75.46938479997179, "\u041a\u0430\u0440\u043a\u0430\u0440\u0430\u043b\u0438\u043d\u0441\u043a\u0438\u0435 \u0433\u043e\u0440\u044b", "\u041a\u0430\u0440\u043a\u0430\u0440\u0430\u043b\u0438\u043d\u0441\u043a\u0438\u0439 \u0440\u0430\u0439\u043e\u043d\u0435"], "MarkaLake": [48.74274737607232, 85.77494243127501, "\u041c\u0430\u0440\u043a\u0430\u043a\u043e\u043b\u044c", "\u041c\u0430\u0440\u043a\u0430\u043a\u043e\u043b\u044c\u0441\u043a\u0438\u0439 \u0440\u0430\u0439\u043e\u043d"], "Kiin-Kerish": [48.13114405892602, 84.4975242999999, "\u041a\u0438\u0438\u043d-\u041a\u0435\u0440\u0438\u0448", "\u041a\u0443\u0440\u0447\u0443\u043c\u0441\u043a\u043e\u043c \u0440\u0430\u0439\u043e\u043d\u0435"], "ImanCave": [47.40496667276862, 54.45827101539224, "\u041f\u0435\u0449\u0435\u0440\u0430 \u0418\u043c\u0430\u043d\u043a\u0430\u0440\u0430", "\u0416\u044b\u043b\u044b\u043e\u0439\u0441\u043a\u043e\u0433\u043e \u0440\u0430\u0439\u043e\u043d\u0430"], "MazBayanSulu": [47.29410828499005, 79.7034808711653, "\u041c\u0430\u0437\u0430\u0440 \u041a\u043e\u0437\u044b \u041a\u043e\u0440\u043f\u0435\u0448 \u0438 \u0411\u0430\u044f\u043d \u0441\u0443\u043b\u0443", "\u0410\u044f\u0433\u043e\u0437\u0441\u043a\u0438\u0439 \u0440\u0430\u0439\u043e\u043d"], "BaikonCosmo": [45.96458882880803, 63.30524280000217, "\u041a\u043e\u0441\u043c\u043e\u0434\u0440\u043e\u043c \u0411\u0430\u0439\u043a\u043e\u043d\u0443\u0440", "\u0446\u0435\u043d\u0442\u0440\u0430\u043b\u044c\u043d\u043e\u0439 \u0447\u0430\u0441\u0442\u0438 \u041a\u0437\u044b\u043b-\u041e\u0440\u0434\u0438\u043d\u0441\u043a\u043e\u0439 \u043e\u0431\u043b\u0430\u0441\u0442\u0438"], "Balkash": [46.26967371429706, 74.71497513048224, "\u0411\u0430\u043b\u043a\u0430\u0448", "\u0411\u0430\u043b\u0445\u0430\u0448\u0441\u043a\u0438\u0439 \u0440\u0430\u0439\u043e\u043d"], "JungarGates": [45.41659088931456, 82.41670961528733, "\u0414\u0436\u0443\u043d\u0433\u0430\u0440\u0441\u043a\u0438\u0435 \u0432\u043e\u0440\u043e\u0442\u0430", "\u041d\u0430 \u0433\u0440\u0430\u043d\u0438\u0446\u0435 \u041a\u0430\u0437\u0430\u0445\u0441\u0442\u0430\u043d\u0430 \u0438 \u041a\u0438\u0442\u0430\u044f"], "BurhBulWaterfall": [45.00732880725872, 79.20753750000453, "\u0412\u043e\u0434\u043e\u043f\u0430\u0434 \u0411\u0443\u0440\u0445\u0430\u043d \u0411\u0443\u043b\u0430\u043a", "\u0415\u0441\u043a\u0435\u043b\u044c\u0434\u0438\u043d\u0441\u043a\u0438\u0439 \u0440\u0430\u0439\u043e\u043d"], "SherMount": [44.25643455545821, 52.00611100002877, "\u0413\u043e\u0440\u0430 \u0428\u0435\u0440\u043a\u0430\u043b\u0430", "-"], "UnderMosque": [43.59704531506205, 54.06982720000727, "\u041f\u043e\u0434\u0437\u0435\u043c\u043d\u0430\u044f \u043c\u0435\u0447\u0435\u0442\u044c \u0411\u0435\u043a\u0435\u0442-\u0430\u0442\u0430", "\u041a\u0430\u0440\u0430\u043a\u0438\u044f\u043d\u0441\u043a\u0438\u0439 \u0440\u0430\u0439\u043e\u043d"], "AtaShip": [43.84462050679527, 68.35416254231754, "\u041f\u0435\u0449\u0435\u0440\u0430 \u0416\u044b\u043b\u0430\u0433\u0430\u043d \u0410\u0442\u0430", "\u0422\u043e\u043b\u0435\u0431\u0438\u0439\u0441\u043a\u0438\u0439 \u0440\u0430\u0439\u043e\u043d"], "UkashaRelig": [43.61558215127205, 68.26182349999613, "\u0423\u043a\u0430\u0448\u0430 \u0410\u0442\u0430", "\u0440\u0430\u0439\u043e\u043d \u0421\u0430\u0443\u0440\u0430\u043d"], "Sauran": [43.435017316496356, 67.92644968674982, "\u0421\u0430\u0443\u0440\u0430\u043d", "\u0421\u0430\u0443\u0440\u0430\u043d\u0441\u043a\u0438\u0439 \u0440\u0430\u0439\u043e\u043d"], "HojiMosque": [43.29770159577769, 68.27108927117087, "\u041c\u0430\u0432\u0437\u043e\u043b\u0435\u0439 \u0425\u043e\u0434\u0436\u0438 \u0410\u0445\u043c\u0435\u0434\u0430 \u042f\u0441\u0430\u0432\u0438", "\u0410\u043b\u0430\u0442\u0430\u0443\u0439\u0441\u043a\u0438\u0439 \u0440\u0430\u0439\u043e\u043d"], "ArystanAttr": [42.85158683274001, 68.26810290000488, "\u0410\u0440\u044b\u0441\u0442\u0430\u043d\u0431\u0430\u0431", "\u041e\u0442\u0440\u0430\u0440\u0441\u043a\u0438\u0439 \u0440\u0430\u0439\u043e\u043d"], "AishaBibi": [42.83391203388011, 71.21059419999871, "\u041c\u0430\u0432\u0437\u043e\u043b\u0435\u0439 \u0410\u0439\u0448\u0430-\u0411\u0438\u0431\u0438", "\u0416\u0430\u043c\u0431\u044b\u043b\u0441\u043a\u0438\u0439 \u0440\u0430\u0439\u043e\u043d"], "KostobeMemor": [42.98894092802794, 71.5239090000057, "\u0413\u043e\u0440\u043e\u0434\u0438\u0449\u0435 \u041a\u043e\u043a\u0442\u043e\u0431\u0435", "\u0411\u0430\u0439\u0437\u0430\u043a\u0441\u043a\u0438\u0439 \u0440\u0430\u0439\u043e\u043d"], "TamgalyMemor": [44.061303745161176, 76.9961910711591, "\u0422\u0430\u043c\u0433\u0430\u043b\u044b-\u0442\u0430\u0441", "\u0416\u0430\u043c\u0431\u044b\u043b\u0441\u043a\u0438\u0439 \u0440\u0430\u0439\u043e\u043d"], "Nomad": [44.03689573069852, 76.9954045134945, "\u041a\u0440\u0435\u043f\u043e\u0441\u0442\u044c \u041d\u043e\u043c\u0430\u0434", "\u0440\u0430\u0439\u043e\u043d\u0435 \u041a\u0430\u043f\u0447\u0430\u0433\u0430\u044f"],